{"epoch_train": 0, "iteration_train": 160, "loss_train": 0.029978131875395775, "accuracy_train": 0.987500011920929, "_timestamp": 1659871630.6191363, "_runtime": 110.94090437889099, "_step": 159, "_wandb": {"runtime": 110}}