{"epoch": 0, "iteration": 300, "loss": 0.349854975938797, "accuracy": 0.859375, "_timestamp": 1659775952.7515128, "_runtime": 12.98099970817566, "_step": 2}