{"epoch": 1, "iteration": 1600, "loss": 0.04582314193248749, "accuracy": 0.987500011920929, "_timestamp": 1659859983.8861527, "_runtime": 74.02296185493469, "_step": 1599, "gradients/fc5.bias": {"_type": "histogram", "values": [1.0, 0.0, 0.0, 0.0, 0.0, 0.0, 0.0, 0.0, 0.0, 1.0, 0.0, 0.0, 0.0, 0.0, 0.0, 0.0, 0.0, 0.0, 0.0, 0.0, 0.0, 0.0, 1.0, 1.0, 1.0, 0.0, 0.0, 0.0, 0.0, 0.0, 0.0, 0.0, 0.0, 0.0, 0.0, 0.0, 1.0, 1.0, 1.0, 0.0, 0.0, 0.0, 0.0, 1.0, 1.0, 0.0, 1.0, 0.0, 0.0, 0.0, 0.0, 0.0, 0.0, 0.0, 1.0, 0.0, 0.0, 0.0, 0.0, 0.0, 0.0, 0.0, 0.0, 1.0], "bins": [-0.0052788034081459045, -0.005123896524310112, -0.0049689896404743195, -0.004814083222299814, -0.004659176338464022, -0.004504269454628229, -0.004349363036453724, -0.004194456152617931, -0.004039549268782139, -0.0038846423849463463, -0.0037297357339411974, -0.0035748290829360485, -0.003419922199100256, -0.0032650153152644634, -0.0031101086642593145, -0.0029552020132541656, -0.002800295129418373, -0.0026453882455825806, -0.0024904815945774317, -0.002335574943572283, -0.0021806680597364902, -0.0020257611759006977, -0.0018708545248955488, -0.001715947757475078, -0.0015610409900546074, -0.0014061342226341367, -0.001251227455213666, -0.0010963206877931952, -0.0009414139203727245, -0.0007865071529522538, -0.0006316003855317831, -0.0004766936181113124, -0.0003217868506908417, -0.00016688008327037096, -1.1973315849900246e-05, 0.00014293345157057047, 0.0002978402189910412, 0.0004527469864115119, 0.0006076537538319826, 0.0007625605212524533, 0.000917467288672924, 0.0010723740560933948, 0.0012272808235138655, 0.0013821875909343362, 0.001537094358354807, 0.0016920011257752776, 0.0018469078931957483, 0.002001814544200897, 0.0021567214280366898, 0.0023116283118724823, 0.002466534962877631, 0.00262144161388278, 0.0027763484977185726, 0.002931255381554365, 0.003086162032559514, 0.003241068683564663, 0.0033959755674004555, 0.003550882451236248, 0.003705789102241397, 0.003860695753246546, 0.004015602637082338, 0.004170509520918131, 0.004325415939092636, 0.004480322822928429, 0.004635229706764221]}, "gradients/fc5.weight": {"_type": "histogram", "values": [2.0, 0.0, 1.0, 0.0, 0.0, 0.0, 0.0, 0.0, 0.0, 0.0, 0.0, 0.0, 0.0, 1.0, 0.0, 1.0, 1.0, 0.0, 0.0, 0.0, 0.0, 0.0, 2.0, 1.0, 1.0, 2.0, 0.0, 2.0, 3.0, 3.0, 1.0, 4.0, 9.0, 7.0, 11.0, 6.0, 9.0, 14.0, 381.0, 67.0, 27.0, 24.0, 24.0, 10.0, 13.0, 8.0, 1.0, 3.0, 3.0, 2.0, 0.0, 1.0, 1.0, 1.0, 0.0, 0.0, 0.0, 0.0, 0.0, 2.0, 0.0, 0.0, 0.0, 1.0], "bins": [-0.15437698364257812, -0.15039919316768646, -0.1464214026927948, -0.14244362711906433, -0.13846583664417267, -0.134488046169281, -0.13051025569438934, -0.12653246521949768, -0.12255468219518661, -0.11857689172029495, -0.11459910869598389, -0.11062131822109222, -0.10664352774620056, -0.1026657447218895, -0.09868795424699783, -0.09471017122268677, -0.0907323807477951, -0.08675459027290344, -0.08277680724859238, -0.07879901677370071, -0.07482123374938965, -0.07084344327449799, -0.06686565279960632, -0.06288786232471466, -0.058910079300403595, -0.05493229255080223, -0.05095450580120087, -0.046976715326309204, -0.04299892857670784, -0.039021141827106476, -0.03504335135221481, -0.03106556460261345, -0.027087777853012085, -0.02310999110341072, -0.019132202491164207, -0.015154414810240269, -0.01117662712931633, -0.007198840379714966, -0.0032210517674684525, 0.0007567368447780609, 0.004734523594379425, 0.008712311275303364, 0.012690098956227303, 0.016667887568473816, 0.02064567431807518, 0.024623461067676544, 0.028601249679923058, 0.03257903829216957, 0.036556825041770935, 0.0405346117913723, 0.04451239854097366, 0.048490189015865326, 0.05246797576546669, 0.056445762515068054, 0.06042355298995972, 0.06440134346485138, 0.06837912648916245, 0.07235691696405411, 0.07633469998836517, 0.08031249046325684, 0.0842902809381485, 0.08826806396245956, 0.09224585443735123, 0.09622363746166229, 0.10020142793655396]}, "gradients/fc4.bias": {"_type": "histogram", "values": [1.0, 0.0, 0.0, 2.0, 1.0, 1.0, 0.0, 2.0, 0.0, 1.0, 0.0, 0.0, 0.0, 0.0, 5.0, 25.0, 0.0, 1.0, 1.0, 0.0, 2.0, 1.0, 0.0, 1.0, 2.0, 0.0, 0.0, 1.0, 0.0, 1.0, 0.0, 0.0, 0.0, 0.0, 0.0, 0.0, 0.0, 0.0, 0.0, 0.0, 0.0, 0.0, 0.0, 0.0, 0.0, 0.0, 1.0, 0.0, 0.0, 0.0, 0.0, 0.0, 0.0, 0.0, 0.0, 0.0, 0.0, 0.0, 0.0, 0.0, 0.0, 0.0, 0.0, 1.0], "bins": [-0.0017870136070996523, -0.001673644408583641, -0.0015602752100676298, -0.0014469058951362967, -0.0013335366966202855, -0.0012201674981042743, -0.0011067981831729412, -0.00099342898465693, -0.0008800597861409187, -0.0007666905876249075, -0.0006533213309012353, -0.0005399520741775632, -0.00042658287566155195, -0.0003132136771455407, -0.00019984442042186856, -8.647516369819641e-05, 2.6894034817814827e-05, 0.00014026326243765652, 0.0002536324900574982, 0.0003670017176773399, 0.0004803709452971816, 0.0005937401438131928, 0.000707109400536865, 0.0008204786572605371, 0.0009338478557765484, 0.0010472170542925596, 0.0011605862528085709, 0.001273955567739904, 0.0013873247662559152, 0.0015006939647719264, 0.0016140632797032595, 0.0017274324782192707, 0.0018408014439046383, 0.0019541706424206495, 0.0020675398409366608, 0.002180909039452672, 0.0022942782379686832, 0.002407647669315338, 0.0025210168678313494, 0.0026343860663473606, 0.002747755264863372, 0.002861124463379383, 0.0029744936618953943, 0.0030878628604114056, 0.0032012322917580605, 0.003314601257443428, 0.003427970688790083, 0.003541339887306094, 0.0036547090858221054, 0.0037680782843381166, 0.003881447482854128, 0.003994816914200783, 0.00410818587988615, 0.004221555311232805, 0.004334924276918173, 0.004448293708264828, 0.004561662673950195, 0.00467503210529685, 0.004788401070982218, 0.004901770502328873, 0.00501513946801424, 0.005128508899360895, 0.005241877865046263, 0.005355247296392918, 0.0054686167277395725]}, "gradients/fc4.weight": {"_type": "histogram", "values": [2.0, 2.0, 0.0, 4.0, 3.0, 4.0, 7.0, 9.0, 14.0, 21.0, 21.0, 32.0, 35.0, 49.0, 56.0, 103.0, 1667.0, 120.0, 92.0, 58.0, 45.0, 36.0, 20.0, 20.0, 12.0, 10.0, 8.0, 5.0, 9.0, 5.0, 1.0, 1.0, 1.0, 2.0, 6.0, 2.0, 3.0, 2.0, 0.0, 1.0, 0.0, 1.0, 0.0, 1.0, 3.0, 0.0, 0.0, 2.0, 0.0, 1.0, 2.0, 0.0, 0.0, 0.0, 0.0, 0.0, 0.0, 1.0, 0.0, 0.0, 0.0, 0.0, 0.0, 1.0], "bins": [-0.04167388379573822, -0.03915028274059296, -0.036626677960157394, -0.03410307317972183, -0.03157947212457657, -0.029055869206786156, -0.026532266288995743, -0.02400866337120533, -0.021485060453414917, -0.018961457535624504, -0.01643785461783409, -0.013914251700043678, -0.011390648782253265, -0.008867045864462852, -0.00634344294667244, -0.0038198400288820267, -0.0012962371110916138, 0.0012273658066987991, 0.003750968724489212, 0.006274571642279625, 0.008798174560070038, 0.01132177747786045, 0.013845380395650864, 0.016368983313441277, 0.01889258623123169, 0.021416189149022102, 0.023939792066812515, 0.026463394984602928, 0.02898699790239334, 0.031510598957538605, 0.03403420373797417, 0.03655780851840973, 0.03908141702413559, 0.04160501807928085, 0.044128622859716415, 0.04665222764015198, 0.04917582869529724, 0.051699429750442505, 0.05422303453087807, 0.05674663931131363, 0.05927024036645889, 0.061793841421604156, 0.06431744992733002, 0.06684105098247528, 0.06936465203762054, 0.07188825309276581, 0.07441185414791107, 0.07693546265363693, 0.0794590637087822, 0.08198266476392746, 0.08450627326965332, 0.08702987432479858, 0.08955347537994385, 0.09207707643508911, 0.09460067749023438, 0.09712428599596024, 0.0996478870511055, 0.10217148810625076, 0.10469509661197662, 0.10721869766712189, 0.10974229872226715, 0.11226589977741241, 0.11478950083255768, 0.11731310933828354, 0.1198367103934288]}, "gradients/fc3.bias": {"_type": "histogram", "values": [1.0, 0.0, 0.0, 0.0, 0.0, 0.0, 1.0, 0.0, 0.0, 0.0, 0.0, 1.0, 0.0, 0.0, 0.0, 1.0, 2.0, 0.0, 1.0, 0.0, 0.0, 0.0, 1.0, 1.0, 2.0, 0.0, 4.0, 5.0, 3.0, 0.0, 0.0, 2.0, 11.0, 0.0, 0.0, 1.0, 2.0, 1.0, 2.0, 0.0, 0.0, 1.0, 1.0, 2.0, 0.0, 0.0, 0.0, 0.0, 0.0, 0.0, 0.0, 0.0, 0.0, 0.0, 1.0, 0.0, 0.0, 1.0, 0.0, 0.0, 0.0, 0.0, 0.0, 2.0],