{"epoch": 0, "iteration": 202, "loss": 0.020041082054376602, "accuracy": 0.9937499761581421, "_timestamp": 1659777776.6029541, "_runtime": 494.03699922561646, "_step": 201}