{"epoch": 1, "iteration": 1600, "loss": 0.15023908019065857, "accuracy": 0.956250011920929, "_timestamp": 1659860958.9975476, "_runtime": 855.6096086502075, "_step": 1599, "gradients/fc.bias": {"_type": "histogram", "values": [1.0, 0.0, 1.0, 1.0, 0.0, 0.0, 0.0, 0.0, 0.0, 0.0, 0.0, 0.0, 0.0, 0.0, 0.0, 0.0, 0.0, 0.0, 0.0, 0.0, 0.0, 1.0, 2.0, 0.0, 0.0, 0.0, 0.0, 0.0, 0.0, 0.0, 0.0, 0.0, 1.0, 0.0, 0.0, 1.0, 0.0, 0.0, 0.0, 0.0, 1.0, 0.0, 1.0, 0.0, 1.0, 0.0, 0.0, 0.0, 0.0, 0.0, 0.0, 0.0, 1.0, 0.0, 0.0, 0.0, 0.0, 0.0, 0.0, 0.0, 0.0, 0.0, 0.0, 1.0], "bins": [-0.009090309962630272, -0.008781496435403824, -0.008472682908177376, -0.008163868449628353, -0.007855054922401905, -0.007546241395175457, -0.007237427402287722, -0.006928613409399986, -0.006619799882173538, -0.00631098635494709, -0.006002172362059355, -0.005693358369171619, -0.005384544841945171, -0.005075731314718723, -0.004766917321830988, -0.0044581033289432526, -0.0041492898017168045, -0.003840476041659713, -0.003531662281602621, -0.0032228485215455294, -0.0029140347614884377, -0.002605221001431346, -0.0022964072413742542, -0.0019875934813171625, -0.0016787797212600708, -0.001369965961202979, -0.0010611522011458874, -0.0007523384410887957, -0.00044352468103170395, -0.00013471092097461224, 0.00017410283908247948, 0.0004829165991395712, 0.0007917294278740883, 0.00110054318793118, 0.0014093569479882717, 0.0017181707080453634, 0.002026984468102455, 0.002335798228159547, 0.0026446119882166386, 0.0029534257482737303, 0.003262239508330822, 0.0035710532683879137, 0.0038798670284450054, 0.004188681021332741, 0.004497494548559189, 0.004806308075785637, 0.005115122068673372, 0.005423936061561108, 0.005732749588787556, 0.006041563116014004, 0.006350377108901739, 0.0066591911017894745, 0.0069680046290159225, 0.007276818156242371, 0.007585632149130106, 0.007894446142017841, 0.00820325966924429, 0.008512073196470737, 0.00882088765501976, 0.009129701182246208, 0.009438514709472656, 0.009747328236699104, 0.010056141763925552, 0.010364956222474575, 0.010673769749701023]}, "gradients/fc.weight": {"_type": "histogram", "values": [2.0, 0.0, 1.0, 0.0, 0.0, 1.0, 0.0, 1.0, 1.0, 3.0, 3.0, 2.0, 2.0, 2.0, 9.0, 5.0, 2.0, 7.0, 7.0, 13.0, 13.0, 14.0, 13.0, 23.0, 24.0, 29.0, 54.0, 49.0, 84.0, 137.0, 147.0, 214.0, 426.0, 654.0, 1858.0, 1309.0, 560.0, 363.0, 195.0, 130.0, 80.0, 55.0, 34.0, 30.0, 25.0, 13.0, 8.0, 11.0, 10.0, 5.0, 6.0, 4.0, 5.0, 3.0, 2.0, 2.0, 2.0, 0.0, 1.0, 0.0, 0.0, 2.0, 0.0, 1.0], "bins": [-0.1256433129310608, -0.12201112508773804, -0.11837892979383469, -0.11474674195051193, -0.11111455410718918, -0.10748235881328583, -0.10385017096996307, -0.10021798312664032, -0.09658579528331757, -0.09295360743999481, -0.08932141214609146, -0.08568922430276871, -0.08205703645944595, -0.0784248411655426, -0.07479265332221985, -0.0711604654788971, -0.06752827018499374, -0.06389608234167099, -0.06026389077305794, -0.056631699204444885, -0.05299951136112213, -0.04936731979250908, -0.04573512822389603, -0.04210294038057327, -0.03847074508666992, -0.03483855351805687, -0.031206365674734116, -0.027574174106121063, -0.02394198440015316, -0.020309794694185257, -0.016677603125572205, -0.013045413419604301, -0.0094132199883461, -0.005781029816716909, -0.002148839645087719, 0.0014833509922027588, 0.005115540698170662, 0.008747730404138565, 0.012379921972751617, 0.01601211167871952, 0.019644297659397125, 0.02327648736536503, 0.02690867707133293, 0.030540868639945984, 0.03417305648326874, 0.03780524805188179, 0.04143743962049484, 0.045069627463817596, 0.04870182275772095, 0.052334014326334, 0.055966202169656754, 0.059598393738269806, 0.06323058158159256, 0.06686277687549591, 0.07049496471881866, 0.07412715256214142, 0.07775934040546417, 0.08139152824878693, 0.08502372354269028, 0.08865591138601303, 0.09228809922933578, 0.09592029452323914, 0.09955248236656189, 0.10318467020988464, 0.106816865503788]}, "_wandb": {"runtime": 854}}