{"epoch": 0, "iteration": 7900, "loss": 0.002282643225044012, "accuracy": 1.0, "_timestamp": 1659776603.3026843, "_runtime": 335.52300119400024, "_step": 78, "gradients/fc5.bias": {"_type": "histogram", "values": [1.0, 0.0, 0.0, 0.0, 0.0, 0.0, 0.0, 0.0, 0.0, 0.0, 1.0, 0.0, 0.0, 0.0, 0.0, 0.0, 0.0, 0.0, 0.0, 0.0, 1.0, 0.0, 0.0, 1.0, 0.0, 1.0, 0.0, 1.0, 0.0, 0.0, 0.0, 0.0, 0.0, 1.0, 0.0, 1.0, 0.0, 1.0, 1.0, 0.0, 1.0, 0.0, 0.0, 1.0, 0.0, 0.0, 0.0, 0.0, 0.0, 0.0, 0.0, 0.0, 0.0, 0.0, 0.0, 0.0, 0.0, 0.0, 0.0, 0.0, 0.0, 0.0, 0.0, 1.0], "bins": [-0.0013179888483136892, -0.0012751667527481914, -0.0012323447735980153, -0.0011895226780325174, -0.0011467005824670196, -0.0011038784869015217, -0.0010610565077513456, -0.0010182344121858478, -0.0009754123748280108, -0.0009325903374701738, -0.000889768241904676, -0.000846946204546839, -0.000804124167189002, -0.0007613020716235042, -0.0007184800342656672, -0.0006756579969078302, -0.0006328359013423324, -0.0005900138639844954, -0.0005471917684189975, -0.0005043697310611606, -0.00046154766459949315, -0.00041872559813782573, -0.00037590356077998877, -0.00033308149431832135, -0.00029025948606431484, -0.0002474374196026474, -0.00020461536769289523, -0.00016179331578314304, -0.00011897124932147563, -7.61491828598082e-05, -3.3327145501971245e-05, 9.494920959696174e-06, 5.2317045629024506e-05, 9.513910481473431e-05, 0.00013796116400044411, 0.0001807832159101963, 0.00022360528237186372, 0.00026642734883353114, 0.0003092493861913681, 0.0003520714526530355, 0.00039489357732236385, 0.00043771564378403127, 0.0004805377102456987, 0.0005233597476035357, 0.0005661818431690335, 0.0006090038805268705, 0.0006518259178847075, 0.0006946480134502053, 0.0007374699926003814, 0.0007802920299582183, 0.0008231141255237162, 0.0008659361628815532, 0.000908758258447051, 0.000951580295804888, 0.000994402333162725, 0.0010372244287282228, 0.001080046407878399, 0.0011228685034438968, 0.0011656904825940728, 0.0012085125781595707, 0.0012513346737250686, 0.0012941567692905664, 0.0013369787484407425, 0.0013798008440062404, 0.0014226229395717382]}, "gradients/fc5.weight": {"_type": "histogram", "values": [1.0, 0.0, 0.0, 0.0, 0.0, 0.0, 1.0, 0.0, 0.0, 1.0, 0.0, 0.0, 0.0, 1.0, 1.0, 1.0, 2.0, 3.0, 4.0, 1.0, 5.0, 9.0, 5.0, 5.0, 9.0, 8.0, 12.0, 9.0, 15.0, 18.0, 21.0, 11.0, 19.0, 15.0, 23.0, 179.0, 61.0, 29.0, 27.0, 27.0, 23.0, 13.0, 15.0, 14.0, 8.0, 9.0, 3.0, 5.0, 3.0, 4.0, 5.0, 2.0, 5.0, 3.0, 2.0, 2.0, 1.0, 1.0, 3.0, 2.0, 0.0, 1.0, 1.0, 2.0], "bins": [-0.010789068415760994, -0.010488121770322323, -0.010187175124883652, -0.00988622847944498, -0.00958528183400631, -0.009284334257245064, -0.008983387611806393, -0.008682440966367722, -0.00838149432092905, -0.00808054767549038, -0.007779601030051708, -0.00747865391895175, -0.007177707273513079, -0.006876760628074408, -0.006575813516974449, -0.006274866871535778, -0.005973920226097107, -0.005672973580658436, -0.005372026935219765, -0.005071079824119806, -0.004770133178681135, -0.004469186533242464, -0.004168239422142506, -0.0038672927767038345, -0.0035663461312651634, -0.0032653994858264923, -0.0029644526075571775, -0.0026635057292878628, -0.0023625590838491917, -0.0020616124384105206, -0.0017606655601412058, -0.001459718681871891, -0.0011587729677557945, -0.0008578262059018016, -0.0005568794440478086, -0.0002559326821938157, 4.501407966017723e-05, 0.00034596084151417017, 0.0006469076033681631, 0.0009478544816374779, 0.001248801127076149, 0.001549747888930142, 0.0018506946507841349, 0.0021516415290534496, 0.0024525881744921207, 0.002753534819930792, 0.0030544816982001066, 0.0033554285764694214, 0.0036563752219080925, 0.003957321867346764, 0.004258268512785435, 0.004559215623885393, 0.004860162269324064, 0.005161108914762735, 0.005462056025862694, 0.005763002671301365, 0.006063949316740036, 0.006364895962178707, 0.006665842607617378, 0.006966789718717337, 0.007267736364156008, 0.007568683009594679, 0.007869630120694637, 0.008170576766133308, 0.00847152341157198]}, "gradients/fc4.bias": {"_type": "histogram", "values": [1.0, 0.0, 0.0, 0.0, 0.0, 0.0, 0.0, 0.0, 0.0, 0.0, 0.0, 1.0, 0.0, 0.0, 1.0, 1.0, 1.0, 1.0, 2.0, 1.0, 1.0, 0.0, 0.0, 0.0, 1.0, 0.0, 0.0, 3.0, 1.0, 0.0, 5.0, 1.0, 1.0, 1.0, 1.0, 8.0, 0.0, 0.0, 2.0, 0.0, 0.0, 3.0, 0.0, 0.0, 0.0, 2.0, 3.0, 0.0, 0.0, 0.0, 2.0, 0.0, 1.0, 0.0, 0.0, 1.0, 1.0, 0.0, 1.0, 0.0, 1.0, 0.0, 0.0, 1.0], "bins": [-0.0012089151423424482, -0.0011749177938327193, -0.0011409204453229904, -0.0011069230968132615, -0.0010729257483035326, -0.0010389285162091255, -0.0010049310512840748, -0.0009709337609820068, -0.0009369364706799388, -0.0009029391221702099, -0.000868941773660481, -0.0008349444251507521, -0.0008009471348486841, -0.0007669497863389552, -0.0007329524378292263, -0.0006989550893194973, -0.0006649577408097684, -0.0006309603923000395, -0.0005969630437903106, -0.0005629657534882426, -0.0005289684049785137, -0.0004949710564687848, -0.0004609737079590559, -0.000426976359449327, -0.0003929790109395981, -0.0003589816624298692, -0.0003249843430239707, -0.0002909869945142418, -0.00025698967510834336, -0.00022299232659861445, -0.00018899497808888555, -0.00015499764413107187, -0.00012100033927708864, -8.700300531927496e-05, -5.300566408550367e-05, -1.9008322851732373e-05, 1.4989011106081307e-05, 4.898634506389499e-05, 8.29836935736239e-05, 0.00011698102753143758, 0.0001509783323854208, 0.00018497566634323448, 0.00021897300030104816, 0.00025297034881077707, 0.0002869676682166755, 0.00032096501672640443, 0.00035496236523613334, 0.00038895971374586225, 0.00042295706225559115, 0.00045695441076532006, 0.000490951759275049, 0.000524949049577117, 0.0005589463980868459, 0.0005929437465965748, 0.0006269410951063037, 0.0006609384436160326, 0.0006949357921257615, 0.0007289331406354904, 0.0007629304891452193, 0.0007969278376549482, 0.0008309251279570162, 0.0008649224764667451, 0.000898919824976474, 0.000932917173486203, 0.000966914463788271]}, "gradients/fc4.weight": {"_type": "histogram", "values": [1.0, 0.0, 2.0, 2.0, 0.0, 2.0, 4.0, 4.0, 3.0, 5.0, 3.0, 3.0, 4.0, 7.0, 2.0, 6.0, 9.0, 7.0, 6.0, 20.0, 10.0, 16.0, 21.0, 27.0, 25.0, 30.0, 35.0, 46.0, 50.0, 55.0, 77.0, 1633.0, 48.0, 50.0, 39.0, 37.0, 42.0, 27.0, 19.0, 14.0, 18.0, 13.0, 10.0, 10.0, 7.0, 10.0, 7.0, 4.0, 7.0, 2.0, 1.0, 7.0, 3.0, 2.0, 1.0, 2.0, 0.0, 0.0, 0.0, 2.0, 0.0, 0.0, 2.0, 1.0], "bins": [-0.008047088049352169, -0.007789147086441517, -0.007531206589192152, -0.0072732656262815, -0.007015325129032135, -0.006757384166121483, -0.006499443203210831, -0.0062415022403001785, -0.005983561743050814, -0.0057256207801401615, -0.005467680282890797, -0.0052097393199801445, -0.004951798357069492, -0.0046938578598201275, -0.004435916896909475, -0.0041779763996601105, -0.003920035436749458, -0.00366209470666945, -0.0034041539765894413, -0.003146213013678789, -0.0028882722835987806, -0.002630331553518772, -0.00237239059060812, -0.0021144498605281115, -0.001856509130448103, -0.0015985684003680944, -0.0013406275538727641, -0.0010826867073774338, -0.0008247459772974253, -0.0005668052472174168, -0.00030886440072208643, -5.0923554226756096e-05, 0.0002070162445306778, 0.0004649570328183472, 0.0007228978211060166, 0.000980838667601347, 0.0012387793976813555, 0.001496720127761364, 0.0017546609742566943, 0.0020126018207520247, 0.002270542550832033, 0.0025284832809120417, 0.00278642401099205, 0.0030443649739027023, 0.003302305703982711, 0.0035602464340627193, 0.0038181873969733715, 0.004076127894222736, 0.0043340688571333885, 0.004592009820044041, 0.0048499503172934055, 0.005107891280204058, 0.0053658317774534225, 0.005623772740364075, 0.005881713703274727, 0.006139654666185379, 0.006397595163434744, 0.006655536126345396, 0.006913476623594761, 0.007171417586505413, 0.007429358549416065, 0.00768729904666543, 0.007945239543914795, 0.008203180506825447, 0.0084611214697361]}, "gradients/fc3.bias": {"_type": "histogram",