{"epoch": 0, "iteration": 43, "loss": 0.13030125200748444, "accuracy": 0.956250011920929, "_timestamp": 1659858600.6564581, "_runtime": 98.0259940624237, "_step": 42}