{"epoch_train": 0, "iteration_train": 7, "loss_train": 0.0901516005396843, "accuracy_train": 0.953125, "_timestamp": 1659865033.5311801, "_runtime": 17.415407180786133, "_step": 6}