{"epoch": 0, "iteration": 92, "loss": 0.1707306057214737, "accuracy": 0.949999988079071, "_timestamp": 1659776909.5059028, "_runtime": 77.65825271606445, "_step": 91}