{"epoch": 1, "iteration": 914, "loss": 0.014120534062385559, "accuracy": 0.996874988079071, "_timestamp": 1659862984.129202, "_runtime": 1996.2522869110107, "_step": 913}