{"epoch": 0, "iteration": 4271, "loss": 0.041636038571596146, "accuracy": 0.981249988079071, "_timestamp": 1659777184.925903, "_runtime": 213.32899498939514, "_step": 4270, "gradients/fc5.bias": {"_type": "histogram", "values": [1.0, 0.0, 0.0, 0.0, 0.0, 0.0, 0.0, 0.0, 0.0, 0.0, 0.0, 0.0, 0.0, 0.0, 0.0, 0.0, 0.0, 0.0, 0.0, 0.0, 0.0, 0.0, 0.0, 0.0, 1.0, 0.0, 0.0, 0.0, 0.0, 1.0, 0.0, 2.0, 1.0, 1.0, 1.0, 2.0, 1.0, 0.0, 0.0, 0.0, 0.0, 0.0, 0.0, 1.0, 0.0, 0.0, 0.0, 0.0, 0.0, 0.0, 0.0, 0.0, 0.0, 0.0, 0.0, 0.0, 0.0, 0.0, 0.0, 0.0, 0.0, 0.0, 0.0, 1.0], "bins": [-0.007620945107191801, -0.007391251623630524, -0.007161558140069246, -0.006931864656507969, -0.0067021711729466915, -0.006472477689385414, -0.006242783740162849, -0.006013090722262859, -0.005783396773040295, -0.005553703289479017, -0.00532400980591774, -0.0050943163223564625, -0.004864622838795185, -0.004634929355233908, -0.00440523587167263, -0.004175541922450066, -0.0039458489045500755, -0.003716155420988798, -0.0034864619374275208, -0.0032567684538662434, -0.003027074970304966, -0.0027973814867436886, -0.0025676877703517675, -0.00233799428679049, -0.002108300570398569, -0.0018786070868372917, -0.0016489136032760143, -0.0014192200032994151, -0.0011895265197381377, -0.0009598330361768603, -0.0007301394362002611, -0.0005004459526389837, -0.0002707531675696373, -4.105965490452945e-05, 0.0001886338577605784, 0.0004183273995295167, 0.0006480208830907941, 0.0008777143666520715, 0.0011074079666286707, 0.001337101450189948, 0.0015667947009205818, 0.0017964881844818592, 0.0020261816680431366, 0.002255875151604414, 0.0024855686351656914, 0.0027152621187269688, 0.00294495583511889, 0.003174649318680167, 0.0034043430350720882, 0.0036340365186333656, 0.003863730002194643, 0.00409342348575592, 0.004323116969317198, 0.004552810452878475, 0.00478250440210104, 0.00501219742000103, 0.005241891369223595, 0.005471584852784872, 0.0057012783363461494, 0.005930971819907427, 0.006160665303468704, 0.006390358787029982, 0.006620052270591259, 0.006849746219813824, 0.007079439237713814]}, "gradients/fc5.weight": {"_type": "histogram", "values": [1.0, 2.0, 1.0, 0.0, 0.0, 2.0, 0.0, 0.0, 0.0, 0.0, 0.0, 0.0, 0.0, 0.0, 1.0, 1.0, 1.0, 1.0, 1.0, 3.0, 1.0, 0.0, 2.0, 0.0, 0.0, 2.0, 0.0, 2.0, 2.0, 5.0, 8.0, 15.0, 28.0, 81.0, 413.0, 31.0, 5.0, 3.0, 2.0, 5.0, 8.0, 2.0, 3.0, 2.0, 1.0, 0.0, 1.0, 3.0, 1.0, 3.0, 0.0, 1.0, 0.0, 0.0, 0.0, 0.0, 0.0, 0.0, 0.0, 2.0, 0.0, 1.0, 1.0, 2.0], "bins": [-0.11179735511541367, -0.10852053016424179, -0.10524369776248932, -0.10196687281131744, -0.09869004786014557, -0.0954132154583931, -0.09213639050722122, -0.08885955810546875, -0.08558273315429688, -0.082305908203125, -0.07902907580137253, -0.07575225085020065, -0.07247541844844818, -0.0691985934972763, -0.06592176854610443, -0.06264494359493256, -0.059368111193180084, -0.05609128251671791, -0.05281445384025574, -0.04953762888908386, -0.04626080021262169, -0.042983971536159515, -0.03970714658498764, -0.03643031790852547, -0.03315348923206329, -0.02987666055560112, -0.026599833741784096, -0.02332300692796707, -0.020046178251504898, -0.016769349575042725, -0.0134925227612257, -0.010215695947408676, -0.006938867270946503, -0.003662039525806904, -0.000385211780667305, 0.002891615964472294, 0.006168443709611893, 0.009445272386074066, 0.01272209919989109, 0.015998926013708115, 0.019275754690170288, 0.02255258336663246, 0.025829410180449486, 0.02910623699426651, 0.032383065670728683, 0.03565989434719086, 0.03893671929836273, 0.042213547974824905, 0.04549037665128708, 0.04876720532774925, 0.052044034004211426, 0.0553208589553833, 0.058597687631845474, 0.06187451630830765, 0.06515134125947952, 0.068428173661232, 0.07170499861240387, 0.07498182356357574, 0.07825865596532822, 0.08153548091650009, 0.08481231331825256, 0.08808913826942444, 0.09136596322059631, 0.09464278817176819, 0.09791962057352066]}, "gradients/fc4.bias": {"_type": "histogram", "values": [1.0, 0.0, 0.0, 0.0, 0.0, 0.0, 1.0, 1.0, 0.0, 0.0, 1.0, 0.0, 0.0, 0.0, 0.0, 0.0, 0.0, 1.0, 0.0, 1.0, 3.0, 0.0, 4.0, 1.0, 0.0, 1.0, 0.0, 3.0, 1.0, 9.0, 2.0, 3.0, 0.0, 1.0, 1.0, 3.0, 0.0, 0.0, 0.0, 0.0, 0.0, 0.0, 4.0, 0.0, 1.0, 0.0, 0.0, 1.0, 0.0, 1.0, 0.0, 1.0, 1.0, 1.0, 1.0, 0.0, 0.0, 0.0, 0.0, 0.0, 0.0, 0.0, 0.0, 1.0], "bins": [-0.0022563710808753967, -0.0021809253375977278, -0.002105479361489415, -0.002030033618211746, -0.0019545878749340773, -0.0018791420152410865, -0.0018036961555480957, -0.0017282504122704268, -0.0016528046689927578, -0.001577358809299767, -0.001501913066022098, -0.0014264672063291073, -0.0013510214630514383, -0.0012755756033584476, -0.0012001297436654568, -0.0011246840003877878, -0.001049238140694797, -0.0009737923392094672, -0.0008983465377241373, -0.0008229006780311465, -0.0007474549347534776, -0.0006720090750604868, -0.0005965632735751569, -0.0005211174720898271, -0.0004456716123968363, -0.0003702258109115064, -0.00029478000942617655, -0.00021933417883701622, -0.00014388837735168636, -6.844257586635649e-05, 7.003254722803831e-06, 8.24490562081337e-05, 0.00015789479948580265, 0.00023334060097113252, 0.0003087864024564624, 0.0003842322330456227, 0.00045967803453095257, 0.0005351238651201129, 0.0006105696666054428, 0.0006860154680907726, 0.0007614612113684416, 0.0008369070128537714, 0.0009123528143391013, 0.000987798674032092, 0.001063244417309761, 0.0011386902770027518, 0.0012141361366957426, 0.0012895818799734116, 0.0013650277396664023, 0.0014404735993593931, 0.001515919342637062, 0.0015913652023300529, 0.0016668109456077218, 0.0017422568053007126, 0.0018177025485783815, 0.0018931484082713723, 0.001968594267964363, 0.002044040011242032, 0.0021194859873503447, 0.0021949317306280136, 0.0022703774739056826, 0.0023458232171833515, 0.002421269193291664, 0.002496714936569333, 0.002572160679847002]}, "gradients/fc4.weight": {"_type": "histogram", "values": [1.0, 0.0, 0.0, 0.0, 0.0, 0.0, 0.0, 0.0, 1.0, 0.0, 0.0, 1.0, 1.0, 0.0, 1.0, 0.0, 0.0, 0.0, 1.0, 0.0, 3.0, 6.0, 3.0, 5.0, 9.0, 8.0, 16.0, 24.0, 31.0, 60.0, 155.0, 1874.0, 92.0, 65.0, 46.0, 22.0, 26.0, 13.0, 9.0, 6.0, 3.0, 4.0, 2.0, 1.0, 2.0, 1.0, 1.0, 0.0, 1.0, 0.0, 1.0, 1.0, 2.0, 0.0, 0.0, 1.0, 0.0, 0.0, 0.0, 0.0, 0.0, 0.0, 0.0, 1.0], "bins": [-0.08697918057441711, -0.08420442044734955, -0.08142966777086258, -0.07865490764379501, -0.07588014751672745, -0.07310539484024048, -0.07033063471317291, -0.06755587458610535, -0.06478111445903778, -0.06200635805726051, -0.05923159793019295, -0.05645684152841568, -0.053682081401348114, -0.05090732499957085, -0.04813256859779358, -0.04535780847072601, -0.042583055794239044, -0.03980829939246178, -0.03703353926539421, -0.03425878286361694, -0.03148402273654938, -0.02870926633477211, -0.025934509932994843, -0.023159751668572426, -0.020384997129440308, -0.01761023886501789, -0.014835481531918049, -0.012060724198818207, -0.00928596593439579, -0.006511207669973373, -0.003736451268196106, -0.0009616930037736893, 0.0018130764365196228, 0.004587834235280752, 0.0073625920340418816, 0.010137349367141724, 0.01291210763156414, 0.015686865895986557, 0.018461622297763824, 0.02123638056218624, 0.024011142551898956, 0.026785900816321373, 0.02956065908074379, 0.03233541548252106, 0.03511017560958862, 0.03788493201136589, 0.04065968841314316, 0.043434448540210724, 0.04620920121669769, 0.04898395761847496, 0.051758717745542526, 0.054533474147319794, 0.05730823427438736, 0.06008299067616463, 0.0628577470779419, 0.06563250720500946, 0.06840726733207703, 0.07118202745914459, 0.07395678013563156, 0.07673154026269913, 0.0795063003897667, 0.08228105306625366, 0.08505581319332123, 0.0878305733203888, 0.09060532599687576]}, "gradients/fc3.bias": {"_type": "histogram", "values": [2.0, 1.0, 0.0, 0.0, 0.0, 0.0, 0.0, 0.0, 1.0, 0.0, 0.0, 0.0, 0.0, 0.0, 2.0, 0.0, 0.0, 1.0, 0.0, 0.0, 0.0, 1.0, 0.0, 1.0, 2.0, 3.0, 1.0, 0.0, 1.0, 1.0, 23.0, 1.0, 1.0, 0.0, 0.0, 1.0, 1.0, 1.0, 0.0, 0.0, 0.0, 0.0, 0.0, 0.0, 0.0, 0.0, 0.0, 0.0, 1.0, 1.0, 0.0, 1.0, 0.0, 0.0, 1.0, 0.0, 0.0, 0.0, 0.0, 0.0, 0.0, 0.0, 0.0, 1.0],