{"epoch": 0, "iteration": 35, "loss": 0.6212719082832336, "accuracy": 0.8687499761581421, "_timestamp": 1659776946.6649063, "_runtime": 22.600000381469727, "_step": 34}