{"epoch": 0, "iteration": 584, "loss": 0.06794467568397522, "accuracy": 0.971875011920929, "_timestamp": 1659778152.397954, "_runtime": 363.9579920768738, "_step": 583}